movie_title,link,movir_year
Killer Workout,https://subslikescript.com/movie/Killer_Workout-91339,1987
Budapest Noir,https://subslikescript.com/movie/Budapest_Noir-5161018,2017
Firefly,https://subslikescript.com/movie/Firefly-3582840,2013
Warriors of the Rainbow: Seediq Bale II,https://subslikescript.com/movie/Warriors_of_the_Rainbow_Seediq_Bale_II-4164468,2011
Sex Appeal,https://subslikescript.com/movie/Sex_Appeal-91927,1986
Lonesome,https://subslikescript.com/movie/Lonesome-15258032,2022
Corri uomo corri,https://subslikescript.com/movie/Corri_uomo_corri-62825,1968
Faraway,https://subslikescript.com/movie/Faraway-18747542,2023
The Treasure of Swamp Castle,https://subslikescript.com/movie/The_Treasure_of_Swamp_Castle-137226,1985
Fantastic Girls,https://subslikescript.com/movie/Fantastic_Girls-4028826,2015
Meet Me in the Bathroom,https://subslikescript.com/movie/Meet_Me_in_the_Bathroom-16378298,2022
Shot,https://subslikescript.com/movie/Shot-301171,1973
LasseMajas detektivbyrå - Stella Nostra,https://subslikescript.com/movie/LasseMajas_detektivbyr_-_Stella_Nostra-4397382,2015
In Real Life,https://subslikescript.com/movie/In_Real_Life-1087453,2008
The Earth Dies Screaming,https://subslikescript.com/movie/The_Earth_Dies_Screaming-58050,1964
The Mystery of Anthrax Island,https://subslikescript.com/movie/The_Mystery_of_Anthrax_Island-19863080,2022
Men of Plastic,https://subslikescript.com/movie/Men_of_Plastic-23157348,2022
Ela Veezha Poonchira,https://subslikescript.com/movie/Ela_Veezha_Poonchira-15516546,2022
Married by Mistake,https://subslikescript.com/movie/Married_by_Mistake-21403538,2023
"The Mask of the Red Death, Part 2",https://subslikescript.com/movie/The_Mask_of_the_Red_Death_Part_2-21443400,2023
A sípoló macskakö,https://subslikescript.com/movie/A_spol_macskak-67816,1972
08/15 - In der Heimat,https://subslikescript.com/movie/0815_-_In_der_Heimat-47789,1955
Level Five,https://subslikescript.com/movie/Level_Five-116866,1997
Mothman,https://subslikescript.com/movie/Mothman-1514425,2010
My Favorite Christmas Tree,https://subslikescript.com/movie/My_Favorite_Christmas_Tree-19895682,2022
Mistletoe Match,https://subslikescript.com/movie/Mistletoe_Match-18559372,2022
Adieu Paris,https://subslikescript.com/movie/Adieu_Paris-13492256,2021
Smyrna,https://subslikescript.com/movie/Smyrna-11935566,2021
Chuecatown,https://subslikescript.com/movie/Chuecatown-856776,2007
There's Something About Mario,https://subslikescript.com/movie/Theres_Something_About_Mario-10573946,2021
